{"stats":{"minecraft:killed":{"arthropocolypse:mealworm_beetle":1},"minecraft:crafted":{"minecraft:crafting_table":1,"minecraft:spruce_planks":20,"minecraft:stick":8,"minecraft:wooden_pickaxe":1,"minecraft:stone_pickaxe":1,"minecraft:furnace":2,"minecraft:stone_axe":1},"minecraft:mined":{"minecraft:coarse_dirt":2,"minecraft:iron_ore":8,"minecraft:spruce_log":20,"minecraft:clay":23,"minecraft:crafting_table":2,"minecraft:glow_lichen":1,"gravestone:gravestone":8,"minecraft:grass_block":9,"minecraft:coal_ore":14,"minecraft:dirt":9,"minecraft:spruce_leaves":4,"minecraft:stone":45},"minecraft:picked_up":{"minecraft:raw_iron":8,"minecraft:crafting_table":2,"minecraft:coarse_dirt":2,"minecraft:clay_ball":92,"minecraft:spruce_sapling":1,"gravestone:obituary":5,"minecraft:spruce_log":20,"minecraft:dirt":29,"minecraft:bucket":1,"minecraft:coal":14,"minecraft:cobblestone":45},"minecraft:used":{"minecraft:water_bucket":14,"minecraft:stone_pickaxe":55,"minecraft:wooden_pickaxe":12,"minecraft:stone_axe":20,"minecraft:dirt":2,"minecraft:crafting_table":3,"minecraft:furnace":2,"minecraft:bucket":15,"minecraft:spruce_log":4},"minecraft:custom":{"minecraft:time_since_rest":6681,"minecraft:interact_with_furnace":6,"minecraft:sprint_one_cm":20633,"minecraft:damage_taken":3195,"minecraft:walk_one_cm":58010,"minecraft:mob_kills":1,"minecraft:drop":13,"minecraft:damage_dealt":236,"minecraft:swim_one_cm":4225,"minecraft:interact_with_crafting_table":6,"minecraft:fly_one_cm":28118,"minecraft:open_chest":2,"minecraft:crouch_one_cm":51,"minecraft:play_time":37098,"minecraft:deaths":9,"minecraft:sneak_time":577,"minecraft:walk_under_water_one_cm":93977,"minecraft:jump":173,"minecraft:leave_game":6,"minecraft:time_since_death":6633,"minecraft:walk_on_water_one_cm":28381,"minecraft:total_world_time":37098,"minecraft:climb_one_cm":885,"minecraft:fall_one_cm":4273,"minecraft:inspect_dispenser":3},"minecraft:dropped":{"gravestone:obituary":13}},"DataVersion":3465}