{"stats":{"minecraft:mined":{"gravestone:gravestone":2,"minecraft:grass_block":3},"minecraft:custom":{"minecraft:time_since_rest":403,"minecraft:walk_on_water_one_cm":3816,"minecraft:damage_dealt":36,"minecraft:damage_taken":2515,"minecraft:leave_game":4,"minecraft:time_since_death":365,"minecraft:play_time":8415,"minecraft:sprint_one_cm":2424,"minecraft:walk_one_cm":19538,"minecraft:deaths":7,"minecraft:total_world_time":8415,"minecraft:walk_under_water_one_cm":5,"minecraft:fall_one_cm":803,"minecraft:fly_one_cm":930,"minecraft:jump":14},"minecraft:picked_up":{"gravestone:obituary":2,"minecraft:dirt":14}},"DataVersion":3465}