{"stats":{"minecraft:killed_by":{"minecraft:player":1},"minecraft:crafted":{"minecraft:brick":28,"minecraft:iron_ingot":8,"minecraft:air":0},"minecraft:custom":{"minecraft:jump":76,"minecraft:time_since_rest":235,"minecraft:damage_taken":684,"minecraft:leave_game":2,"minecraft:time_since_death":0,"minecraft:play_time":4208,"minecraft:interact_with_furnace":2,"minecraft:sprint_one_cm":8486,"minecraft:walk_one_cm":3447,"minecraft:walk_on_water_one_cm":2429,"minecraft:deaths":2,"minecraft:sneak_time":56,"minecraft:total_world_time":4208,"minecraft:walk_under_water_one_cm":10098,"minecraft:swim_one_cm":926,"minecraft:fall_one_cm":627,"minecraft:fly_one_cm":12772}},"DataVersion":3465}