{"stats":{"minecraft:killed_by":{"minecraft:player":1},"minecraft:dropped":{"gravestone:obituary":6},"minecraft:crafted":{"minecraft:brick":28,"minecraft:oak_planks":8,"minecraft:bucket":1,"minecraft:iron_axe":1,"minecraft:stick":4,"minecraft:air":0,"minecraft:iron_ingot":12,"minecraft:iron_pickaxe":1},"minecraft:mined":{"gravestone:gravestone":2,"minecraft:oak_log":17,"minecraft:clay":1},"minecraft:custom":{"minecraft:time_since_rest":10781,"minecraft:sprint_one_cm":18120,"minecraft:interact_with_furnace":10,"minecraft:play_time":14754,"minecraft:deaths":2,"minecraft:damage_taken":894,"minecraft:walk_one_cm":11834,"minecraft:sneak_time":577,"minecraft:walk_under_water_one_cm":38152,"minecraft:drop":6,"minecraft:jump":148,"minecraft:leave_game":2,"minecraft:walk_on_water_one_cm":11732,"minecraft:time_since_death":10128,"minecraft:total_world_time":14754,"minecraft:interact_with_crafting_table":3,"minecraft:swim_one_cm":2117,"minecraft:fall_one_cm":2759,"minecraft:fly_one_cm":25311},"minecraft:used":{"minecraft:oak_log":5,"minecraft:iron_axe":15,"minecraft:bucket":1,"alexsmobs:animal_dictionary":1,"minecraft:spruce_sapling":2},"minecraft:picked_up":{"minecraft:stick":2,"minecraft:coarse_dirt":3,"minecraft:clay_ball":4,"minecraft:spruce_sapling":2,"minecraft:oak_log":17,"gravestone:obituary":4,"delightful:green_tea_leaf":1,"minecraft:raw_iron":4}},"DataVersion":3465}