{"stats":{"minecraft:killed_by":{"minecraft:player":2},"minecraft:dropped":{"gravestone:obituary":6},"minecraft:crafted":{"minecraft:brick":28,"minecraft:oak_planks":8,"minecraft:iron_axe":1,"minecraft:stick":4,"minecraft:iron_ingot":12,"minecraft:iron_pickaxe":1,"minecraft:bucket":1,"minecraft:campfire":1,"minecraft:air":0},"minecraft:killed":{"born_in_chaos_v1:restless_spirit":1,"born_in_chaos_v1:corpse_fly":1,"born_in_chaos_v1:nightmare_stalker":1},"minecraft:mined":{"minecraft:clay":6,"gravestone:gravestone":3,"minecraft:oak_log":17,"minecraft:stone":6},"minecraft:custom":{"minecraft:time_since_rest":4531,"minecraft:interact_with_furnace":13,"minecraft:sprint_one_cm":23639,"minecraft:damage_taken":1068,"minecraft:walk_one_cm":18716,"minecraft:mob_kills":3,"minecraft:drop":6,"minecraft:damage_dealt":960,"minecraft:swim_one_cm":24537,"minecraft:interact_with_crafting_table":4,"minecraft:fly_one_cm":33984,"minecraft:play_time":26754,"minecraft:interact_with_campfire":3,"minecraft:deaths":3,"minecraft:sneak_time":807,"minecraft:walk_under_water_one_cm":69786,"minecraft:jump":236,"minecraft:leave_game":2,"minecraft:time_since_death":4499,"minecraft:walk_on_water_one_cm":18970,"minecraft:total_world_time":26754,"minecraft:fall_one_cm":3804},"minecraft:used":{"minecraft:oak_log":5,"minecraft:iron_axe":28,"minecraft:iron_pickaxe":11,"minecraft:spruce_sapling":2,"born_in_chaos_v1:fried_maggot":2,"minecraft:rotten_flesh":1,"minecraft:bucket":1,"minecraft:campfire":1,"alexsmobs:animal_dictionary":2},"minecraft:picked_up":{"born_in_chaos_v1:corpse_maggot":2,"minecraft:raw_iron":4,"minecraft:stick":3,"minecraft:coarse_dirt":3,"born_in_chaos_v1:smoked_monster_flesh":1,"born_in_chaos_v1:monster_flesh":1,"minecraft:clay_ball":24,"born_in_chaos_v1:ethereal_spirit":2,"minecraft:oak_log":17,"gravestone:obituary":4,"minecraft:spruce_sapling":2,"born_in_chaos_v1:nightmare_claw":1,"born_in_chaos_v1:fried_maggot":2,"minecraft:rotten_flesh":1,"delightful:green_tea_leaf":1,"minecraft:cobblestone":6}},"DataVersion":3465}