{"stats":{"minecraft:dropped":{"gravestone:obituary":4},"minecraft:crafted":{"minecraft:crafting_table":2,"minecraft:stick":8,"minecraft:iron_ingot":3,"minecraft:wooden_pickaxe":1,"minecraft:stone_pickaxe":1,"minecraft:stone_sword":1,"minecraft:furnace":1,"minecraft:bucket":1,"minecraft:torch":4,"minecraft:birch_planks":24},"minecraft:killed":{"minecraft:zombie":4,"born_in_chaos_v1:dread_hound":1,"minecraft:spider":1,"epicsamurai:onibi":1,"born_in_chaos_v1:maggot":2},"minecraft:mined":{"minecraft:birch_log":7,"minecraft:iron_ore":4,"minecraft:spruce_log":9,"minecraft:birch_leaves":4,"gravestone:gravestone":4,"minecraft:grass":1,"minecraft:coal_ore":29,"minecraft:stone":23,"minecraft:oak_leaves":6,"minecraft:fern":1},"minecraft:custom":{"minecraft:time_since_rest":8745,"minecraft:interact_with_furnace":3,"minecraft:sprint_one_cm":61178,"minecraft:damage_taken":1131,"minecraft:walk_one_cm":63726,"minecraft:mob_kills":9,"minecraft:drop":4,"minecraft:damage_dealt":1592,"minecraft:interact_with_crafting_table":7,"minecraft:fly_one_cm":77605,"minecraft:open_chest":1,"minecraft:crouch_one_cm":1178,"minecraft:play_time":32963,"minecraft:deaths":4,"minecraft:sneak_time":526,"minecraft:jump":309,"minecraft:leave_game":2,"minecraft:walk_on_water_one_cm":282,"minecraft:time_since_death":8692,"minecraft:total_world_time":32963,"minecraft:climb_one_cm":567,"minecraft:fall_one_cm":6976,"minecraft:inspect_dispenser":2},"minecraft:used":{"minecraft:water_bucket":2,"minecraft:stone_sword":38,"minecraft:birch_planks":1,"minecraft:stone_pickaxe":53,"minecraft:wooden_pickaxe":3,"minecraft:torch":1,"minecraft:crafting_table":2,"minecraft:furnace":1,"minecraft:bucket":2},"minecraft:picked_up":{"minecraft:birch_log":6,"minecraft:raw_iron":4,"born_in_chaos_v1:monster_flesh":1,"minecraft:torch":1,"minecraft:spruce_log":9,"minecraft:string":1,"minecraft:rotten_flesh":2,"minecraft:birch_sapling":1,"minecraft:coal":29,"minecraft:cobblestone":23}},"DataVersion":3465}