{"stats":{"minecraft:crafted":{"minecraft:birch_planks":24,"minecraft:crafting_table":1,"minecraft:stick":4,"minecraft:stone_pickaxe":1,"minecraft:wooden_pickaxe":1},"minecraft:mined":{"minecraft:coal_ore":2,"minecraft:iron_ore":4,"minecraft:birch_log":7,"minecraft:spruce_log":9,"minecraft:stone":3,"minecraft:birch_leaves":2},"minecraft:custom":{"minecraft:time_since_rest":10785,"minecraft:open_chest":1,"minecraft:sprint_one_cm":25277,"minecraft:play_time":10785,"minecraft:walk_one_cm":17389,"minecraft:jump":99,"minecraft:leave_game":1,"minecraft:time_since_death":10785,"minecraft:climb_one_cm":284,"minecraft:total_world_time":10785,"minecraft:interact_with_crafting_table":2,"minecraft:fall_one_cm":2361,"minecraft:fly_one_cm":28137,"minecraft:inspect_dispenser":2},"minecraft:used":{"minecraft:crafting_table":1,"minecraft:stone_pickaxe":6,"minecraft:wooden_pickaxe":3},"minecraft:picked_up":{"minecraft:birch_log":6,"minecraft:raw_iron":4,"minecraft:spruce_log":9,"minecraft:coal":2,"minecraft:cobblestone":3}},"DataVersion":3465}