{"stats":{"minecraft:picked_up":{"minecraft:spruce_log":9},"minecraft:mined":{"minecraft:spruce_log":9},"minecraft:custom":{"minecraft:jump":65,"minecraft:open_chest":1,"minecraft:time_since_rest":5390,"minecraft:leave_game":1,"minecraft:sprint_one_cm":16893,"minecraft:play_time":5390,"minecraft:time_since_death":5390,"minecraft:walk_one_cm":6182,"minecraft:climb_one_cm":141,"minecraft:total_world_time":5390,"minecraft:fall_one_cm":1734,"minecraft:fly_one_cm":20117,"minecraft:inspect_dispenser":2}},"DataVersion":3465}