{"stats":{"minecraft:dropped":{"gravestone:obituary":3},"minecraft:crafted":{"minecraft:crafting_table":2,"minecraft:stick":8,"minecraft:iron_ingot":3,"minecraft:wooden_pickaxe":1,"minecraft:stone_pickaxe":1,"minecraft:stone_sword":1,"minecraft:furnace":1,"minecraft:bucket":1,"minecraft:torch":4,"minecraft:birch_planks":24},"minecraft:killed":{"minecraft:zombie":4,"born_in_chaos_v1:dread_hound":1,"minecraft:spider":1,"epicsamurai:onibi":1,"born_in_chaos_v1:maggot":2},"minecraft:mined":{"minecraft:birch_log":7,"minecraft:iron_ore":4,"minecraft:spruce_log":9,"minecraft:birch_leaves":2,"gravestone:gravestone":3,"minecraft:grass":1,"minecraft:coal_ore":29,"minecraft:stone":23,"minecraft:oak_leaves":6},"minecraft:custom":{"minecraft:time_since_rest":2618,"minecraft:interact_with_furnace":3,"minecraft:sprint_one_cm":59349,"minecraft:damage_taken":941,"minecraft:walk_one_cm":56365,"minecraft:mob_kills":9,"minecraft:drop":3,"minecraft:damage_dealt":1582,"minecraft:interact_with_crafting_table":7,"minecraft:fly_one_cm":76653,"minecraft:open_chest":1,"minecraft:crouch_one_cm":1154,"minecraft:play_time":22785,"minecraft:deaths":3,"minecraft:sneak_time":511,"minecraft:jump":292,"minecraft:leave_game":1,"minecraft:walk_on_water_one_cm":39,"minecraft:time_since_death":2589,"minecraft:total_world_time":22785,"minecraft:climb_one_cm":567,"minecraft:fall_one_cm":6976,"minecraft:inspect_dispenser":2},"minecraft:used":{"minecraft:stone_sword":38,"minecraft:stone_pickaxe":53,"minecraft:wooden_pickaxe":3,"minecraft:torch":1,"minecraft:crafting_table":2,"minecraft:furnace":1,"minecraft:bucket":1},"minecraft:picked_up":{"minecraft:birch_log":6,"minecraft:raw_iron":4,"born_in_chaos_v1:monster_flesh":1,"minecraft:torch":1,"minecraft:spruce_log":9,"minecraft:string":1,"minecraft:rotten_flesh":2,"minecraft:birch_sapling":1,"minecraft:coal":29,"minecraft:cobblestone":23}},"DataVersion":3465}