{"stats":{"minecraft:dropped":{"minecraft:raw_iron":4,"delightful:green_tea_leaf":1,"immersive_armors:wooden_helmet":1},"minecraft:crafted":{"minecraft:stone_shovel":1,"minecraft:spruce_planks":8,"minecraft:stick":8,"minecraft:wooden_pickaxe":1,"minecraft:stone_pickaxe":1,"immersive_armors:wooden_helmet":1},"minecraft:killed":{"minecraft:zombie":1,"born_in_chaos_v1:dread_hound":1,"born_in_chaos_v1:corpse_fly":1,"born_in_chaos_v1:baby_skeleton":1,"alexsmobs:fly":1},"minecraft:mined":{"minecraft:large_fern":1,"minecraft:coarse_dirt":3,"minecraft:iron_ore":4,"minecraft:spruce_log":15,"minecraft:grass":1,"minecraft:grass_block":55,"minecraft:dirt":4,"minecraft:stone_slab":5,"minecraft:spruce_leaves":1,"minecraft:stone":103,"minecraft:fern":1},"minecraft:custom":{"minecraft:time_since_rest":28590,"minecraft:sprint_one_cm":42175,"minecraft:damage_taken":130,"minecraft:walk_one_cm":83693,"minecraft:mob_kills":5,"minecraft:drop":3,"minecraft:damage_dealt":683,"minecraft:swim_one_cm":283,"minecraft:interact_with_crafting_table":4,"minecraft:player_kills":2,"minecraft:fly_one_cm":43129,"minecraft:crouch_one_cm":2453,"minecraft:play_time":28590,"minecraft:sneak_time":1850,"minecraft:walk_under_water_one_cm":4502,"minecraft:jump":162,"minecraft:walk_on_water_one_cm":927,"minecraft:time_since_death":28590,"minecraft:climb_one_cm":760,"minecraft:total_world_time":28590,"minecraft:fall_one_cm":810},"minecraft:used":{"born_in_chaos_v1:corpse_maggot":2,"minecraft:stone_pickaxe":82,"minecraft:stone_shovel":80,"minecraft:wooden_pickaxe":35,"minecraft:spruce_sapling":1,"minecraft:dirt":18,"minecraft:spruce_log":5},"minecraft:picked_up":{"born_in_chaos_v1:corpse_maggot":2,"minecraft:raw_iron":4,"born_in_chaos_v1:monster_flesh":1,"minecraft:stone_slab":2,"minecraft:spruce_sapling":1,"minecraft:spruce_log":15,"minecraft:dirt":55,"born_in_chaos_v1:monster_skin":1,"minecraft:bone":1,"alexsmobs:maggot":2,"delightful:green_tea_leaf":1,"minecraft:cobblestone":97}},"DataVersion":3465}