{"stats":{"minecraft:crafted":{"minecraft:stone_shovel":1,"minecraft:spruce_planks":8,"minecraft:stick":8,"minecraft:stone_pickaxe":1,"minecraft:wooden_pickaxe":1},"minecraft:dropped":{"delightful:green_tea_leaf":1,"minecraft:raw_iron":4},"minecraft:mined":{"minecraft:large_fern":1,"minecraft:grass":1,"minecraft:grass_block":54,"minecraft:coarse_dirt":3,"minecraft:stone_slab":2,"minecraft:iron_ore":4,"minecraft:spruce_log":15,"minecraft:stone":85},"minecraft:custom":{"minecraft:time_since_rest":16590,"minecraft:crouch_one_cm":549,"minecraft:play_time":16590,"minecraft:sprint_one_cm":25433,"minecraft:damage_taken":30,"minecraft:walk_one_cm":54717,"minecraft:sneak_time":275,"minecraft:walk_under_water_one_cm":3631,"minecraft:drop":2,"minecraft:jump":101,"minecraft:damage_dealt":19,"minecraft:time_since_death":16590,"minecraft:walk_on_water_one_cm":754,"minecraft:total_world_time":16590,"minecraft:fall_one_cm":599,"minecraft:interact_with_crafting_table":3,"minecraft:fly_one_cm":33879,"minecraft:player_kills":1},"minecraft:used":{"minecraft:dirt":4,"minecraft:stone_shovel":51,"minecraft:stone_pickaxe":60,"minecraft:wooden_pickaxe":35,"minecraft:spruce_log":5},"minecraft:picked_up":{"minecraft:raw_iron":4,"minecraft:stone_slab":2,"minecraft:spruce_sapling":1,"minecraft:spruce_log":15,"delightful:green_tea_leaf":1,"minecraft:dirt":43,"minecraft:cobblestone":84}},"DataVersion":3465}